round_quality,product_worth,player,round,decision,message,price
low-quality,0.0,Nature,1,,,
,,Alice,1,no,,
,,Bob,1,no,"Thank you for your recommendation, but based on the information provided, I am choosing to pass on this product.",
low-quality,0.0,Nature,2,,,
,,Alice,2,no,,
,,Bob,2,no,"Given the lack of recommendation and the previous experience, I am opting to pass on this product as well.",
low-quality,0.0,Nature,3,,,
,,Alice,3,yes,,
,,Bob,3,yes,"Thank you for your recommendation. Based on your suggestion, I am choosing to buy this product.",
low-quality,0.0,Nature,4,,,
,,Alice,4,no,,
,,Bob,4,no,"I appreciate the recommendation, but given the outcome of the previous purchase, I am choosing to pass on this product.",
high-quality,1250000.0,Nature,5,,,
,,Alice,5,yes,,
,,Bob,5,yes,"I am willing to take the risk based on your recommendation. Thank you for your advice, and I am choosing to buy this product.",
low-quality,0.0,Nature,6,,,
,,Alice,6,no,,
,,Bob,6,no,"Although I appreciate the quality of the previous product, I am choosing to pass on this one based on the lack of recommendation.",
high-quality,1250000.0,Nature,7,,,
,,Alice,7,yes,,1000000.0
,,Bob,7,yes,"Thank you for your recommendation. Considering the positive outcome of the last high-quality product, I am choosing to buy this product based on your suggestion.",
high-quality,1250000.0,Nature,8,,,
,,Alice,8,yes,,1000000.0
,,Bob,8,yes,"Your recommendation is very helpful. Given the quality of the products we've had so far, I am confident in buying this product based on your advice.",
high-quality,1250000.0,Nature,9,,,
,,Alice,9,yes,,1000000.0
,,Bob,9,yes,Thank you for your continued confidence in the quality of the products. I am choosing to buy this product based on your recommendation.,
low-quality,0.0,Nature,10,,,
,,Alice,10,no,,
,,Bob,10,no,"While I appreciate the quality of the previous products, I am choosing to pass on this one despite the lack of recommendation.",
low-quality,0.0,Nature,11,,,
,,Alice,11,no,,
,,Bob,11,no,"Given the previous rounds and the lack of recommendation, I am choosing to pass on this product.",
low-quality,0.0,Nature,12,,,
,,Alice,12,no,,
,,Bob,12,no,I am following my strategy of passing on products when there is no recommendation or when the previous recommendations did not lead to successful purchases.,
low-quality,0.0,Nature,13,,,
,,Alice,13,no,,
,,Bob,13,no,"Consistency in strategy is key. Without a recommendation, I am choosing to pass on this product.",
low-quality,0.0,Nature,14,,,
,,Alice,14,no,,
,,Bob,14,no,"Following my established strategy, I am declining to purchase the product without a recommendation.",
low-quality,0.0,Nature,15,,,
,,Alice,15,no,,
,,Bob,15,no,"My strategy remains consistent. Without a recommendation, I am choosing not to buy this product.",
low-quality,0.0,Nature,16,,,
,,Alice,16,no,,
,,Bob,16,no,"Continuing with my strategy, I am opting not to purchase the product based on the lack of recommendation.",
high-quality,1250000.0,Nature,17,,,
,,Alice,17,yes,,1000000.0
,,Bob,17,yes,"Thank you for your recommendation. Considering the positive outcomes of previous purchases, I am choosing to buy this product based on your advice.",
low-quality,0.0,Nature,18,,,
,,Alice,18,no,,
,,Bob,18,no,"While I appreciate the quality of the last product, I am choosing to pass on this one based on the lack of recommendation.",
low-quality,0.0,Nature,19,,,
,,Alice,19,no,,
,,Bob,19,no,"Following my strategy, I am choosing not to purchase the product without a recommendation.",
low-quality,0.0,Nature,20,,,
,,Alice,20,no,,
,,Bob,20,no,"Consistently applying my strategy, I am declining to buy the product based on the absence of a recommendation.",
