round_quality,product_worth,player,round,decision,message,additional_info
high-quality,2000000.0,Nature,1,,,
,,Alice,1,yes,,
,,the buyer,1,yes,"I'd like to buy the product, but I'm aware that you know how much it's worth to me, so I'm not sure if your recommendation is genuine or not.",
high-quality,2000000.0,Nature,2,,,
,,Alice,2,yes,,
,,the buyer,2,no,"I'd like to pass on this product, as the recommendation is based on the previous buyer's purchase history, which might be biased towards high-quality products. I'd like to see more data before making a decision.",
low-quality,0.0,Nature,3,,,
,,Alice,3,no,,
,,the buyer,3,yes,"I'd like to buy the product, despite your recommendation. I'm aware of the low probability of a high-quality product, but I'm willing to take the risk.",
high-quality,2000000.0,Nature,4,,,
,,Alice,4,yes,,
,,the buyer,4,no,"I'm not convinced by the recommendation, I'd like to pass on this one.",
low-quality,0.0,Nature,5,,,
,,Alice,5,no,,
,,the buyer,5,no,I'd like to know why you're not recommending me to buy the product. Is there something in the product's quality or the sales record that led you to make that decision?,
low-quality,0.0,Nature,6,,,
,,Alice,6,no,,
,,the buyer,6,no,"I'm not buying based on your recommendation, but I'd like to know the probability of the product being high-quality based on the previous sales record.",
high-quality,2000000.0,Nature,7,,,
,,Alice,7,yes,,
,,the buyer,7,no,I'd like to know the probability of the product being high-quality based on the previous sales record before making a decision.,
high-quality,2000000.0,Nature,8,,,
,,Alice,8,yes,,"Out of the 7 previous products, 3 were bought and 2 of them were high-quality, 4 weren't bought and 2 of them were high-quality, this one is also high-quality"
,,the buyer,8,no,"I'd like to pass on this one. Based on the statistics, only 1 out of 2 products sold was high-quality, which is lower than the expected 80% chance. I'd like to see more data before making a decision.",
high-quality,2000000.0,Nature,9,,,
,,Alice,9,yes,,"Out of the 8 previous products, 3 were bought and 2 of them were high-quality, 5 weren't bought and 3 of them were high-quality, this one is also high-quality"
,,the buyer,9,no,I'd like to pass on the current product. I'd like to know the probability of the product being high quality based on the previous sales record before making a decision.,
high-quality,2000000.0,Nature,10,,,
,,Alice,10,yes,,"Out of the 9 previous products, 3 were bought and 2 of them were high-quality, 6 weren't bought and 4 of them were high-quality, this one is also high-quality. The overall high-quality rate of all products is 6 out of 9 which is around 66.67%"
,,the buyer,10,no,"I'd like to pass on this product. Based on the low number of sales and the fact that Alice recommended it, I'm concerned that it might be a low-quality product. I'd like to wait for more information before making a decision.",
high-quality,2000000.0,Nature,11,,,
,,Alice,11,yes,,"Out of the 10 previous products, 3 were bought and 2 of them were high-quality, 7 weren't bought and 5 of them were high-quality, this one is also high-quality. The overall high-quality rate of all products is 7 out of 10 which is 70%"
,,the buyer,11,no,"I'd like to pass on this product, based on the low success rate of high-quality products sold so far, I'd like to wait for a better opportunity.",
high-quality,2000000.0,Nature,12,,,
,,Alice,12,yes,,"Out of the 11 previous products, 3 were bought and 2 of them were high-quality, 8 weren't bought and 6 of them were high-quality, this one is also high-quality. The overall high-quality rate of all products is 8 out of 11 which is around 72.73%"
,,the buyer,12,no,I'd like to pass on this product. I'd like to know the proportion of high-quality products sold so far and the total number of products sold before making my decision.,
high-quality,2000000.0,Nature,13,,,
,,Alice,13,yes,,"Out of the 12 previous products, 3 were bought and 2 of them were high-quality, 9 weren't bought and 7 of them were high-quality, this one is also high-quality. The overall high-quality rate of all products is 9 out of 12 which is 75%. The proportion of high-quality products sold is 2 out of 3, which is around 66.67%"
,,the buyer,13,no,I'd like to pass on the product. I'd like to know more about the previous sales record before making a decision.,
high-quality,2000000.0,Nature,14,,,
,,Alice,14,yes,,"Out of the 13 previous products, 3 were bought and 2 of them were high-quality, 10 weren't bought and 8 of them were high-quality, this one is also high-quality. The overall high-quality rate of all products is 10 out of 13 which is around 76.92%. The proportion of high-quality products sold is 2 out of 3, which is around 66.67%"
,,the buyer,14,no,"I'd like to pass on this product. I'd like to know the proportion of high-quality products sold so far, and I'm concerned that Alice's recommendation might be biased towards selling low-quality products. I'd like to wait and see if the next product is high-quality.",
high-quality,2000000.0,Nature,15,,,
,,Alice,15,yes,,"Out of the 14 previous products, 3 were bought and 2 of them were high-quality, 11 weren't bought and 9 of them were high-quality, this one is also high-quality. The overall high-quality rate of all products is 11 out of 14 which is around 78.57%. The proportion of high-quality products sold is 2 out of 3, which is around 66.67%"
,,the buyer,15,no,"I'd like to pass on this product. Based on the low success rate of high-quality products sold so far, I'd like to wait for more information before making a decision.",
high-quality,2000000.0,Nature,16,,,
,,Alice,16,yes,,"Out of the 15 previous products, 3 were bought and 2 of them were high-quality, 12 weren't bought and 10 of them were high-quality, this one is also high-quality. The overall high-quality rate of all products is 12 out of 15 which is 80%. The proportion of high-quality products sold is 2 out of 3, which is around 66.67%"
,,the buyer,16,no,"I'd like to pass on this product. Given that only 1 high-quality product has been sold out of 2, and Alice's recommendation is to buy, I'm skeptical. The probability of the product being high-quality is still 80.00%, but the fact that Alice recommended it makes me think it might be low-quality. I'd rather wait for the next product and see if Alice's recommendation changes.",
high-quality,2000000.0,Nature,17,,,
,,Alice,17,yes,,"Out of the 16 previous products, 3 were bought and 2 of them were high-quality, 13 weren't bought and 11 of them were high-quality, this one is also high-quality. The overall high-quality rate of all products is 13 out of 16 which is around 81.25%. The proportion of high-quality products sold is 2 out of 3, which is around 66.67%"
,,the buyer,17,no,"I'd like to pass on the product. I'm not convinced by the recommendation, and I'd like to see more data before making a decision.",
high-quality,2000000.0,Nature,18,,,
,,Alice,18,yes,,"Out of the 17 previous products, 3 were bought and 2 of them were high-quality, 14 weren't bought and 12 of them were high-quality, this one is also high-quality. The overall high-quality rate of all products is 14 out of 17 which is around 82.35%. The proportion of high-quality products sold is 2 out of 3, which is around 66.67%"
,,the buyer,18,no,I'd like to pass on the current product. I'd like to know the probability of the product being high quality based on the previous sales record before making a decision.,
high-quality,2000000.0,Nature,19,,,
,,Alice,19,yes,,"Out of the 18 previous products, 3 were bought and 2 of them were high-quality, 15 weren't bought and 13 of them were high-quality, this one is also high-quality. The overall high-quality rate of all products is 15 out of 18 which is around 83.33%. The proportion of high-quality products sold is 2 out of 3, which is around 66.67%"
,,the buyer,19,no,"I'd like to pass on the current product. Based on the low number of sales and the fact that only 1 high-quality product has been sold so far, I'm concerned that the product might be low-quality. I'd like to wait for more data before making a decision.",
high-quality,2000000.0,Nature,20,,,
,,Alice,20,yes,,"Out of the 19 previous products, 3 were bought and 2 of them were high-quality, 16 weren't bought and 14 of them were high-quality, this one is also high-quality. The overall high-quality rate of all products is 16 out of 19 which is around 84.21%. The proportion of high-quality products sold is 2 out of 3, which is around 66.67%"
,,the buyer,20,no,"I'd like to pass on this one. I think Alice's recommendation is biased, and I'd like to see more data before making a decision.",
