round_quality,product_worth,player,round,decision,message,price,package,guarantee,service,deal
high-quality,1200000.0,Nature,1,,,,,,,
,,Alice,1,yes,,,,,,
,,Bob,1,no,"Since I don't have any prior knowledge about the product and there's a higher chance of it being low quality, I'll pass for now.",,,,,
high-quality,1200000.0,Nature,2,,,,,,,
,,Alice,2,yes,,1000000.0,,,,
,,Bob,2,no,"Although I missed a high-quality product in the previous round, the probability remains the same, and I still have a higher chance of getting a low-quality product. I'll wait for more information or a change in the probability.",,,,,
high-quality,1200000.0,Nature,3,,,,,,,
,,Alice,3,yes,,,,,,
,,Bob,3,yes,"Although the probability of getting a high-quality product hasn't changed, I've missed two high-quality products in a row. Given the fixed price and potential value, I'll take the risk this time to avoid potentially missing another high-quality product.",,,,,
high-quality,1200000.0,Nature,4,,,,,,,
,,Alice,4,yes,,,,,,
,,Bob,4,no,"I was lucky in the previous round, but the probability remains the same. Since I've already gained a high-quality product and have a profit, I'll be more cautious this time and avoid taking an unnecessary risk.",,,,,
low-quality,0.0,Nature,5,,,,,,,
,,Alice,5,yes,,,,,,
,,Bob,5,yes,"I've missed another high-quality product, and it seems like my previous cautious approach made me miss a potential profit. Given the fixed price and potential value, I'll take the risk again to try to get another high-quality product.",,,,,
low-quality,0.0,Nature,6,,,,,,,
,,Alice,6,yes,,,,,,
,,Bob,6,no,"I took a risk in the previous round and ended up with a low-quality product, which resulted in a significant loss. I'll be more cautious this time and avoid taking another risk, at least for now.",,,,,
low-quality,0.0,Nature,7,,,,,,,
,,Alice,7,yes,,900000.0,,,,
,,Bob,7,no,"My previous decision to pass on the product was correct, as it turned out to be low-quality. I'll continue to be cautious and avoid taking unnecessary risks, especially since the probability of getting a low-quality product is still higher.",,,,,
low-quality,0.0,Nature,8,,,,,,,
,,Alice,8,yes,,810000.0,,,,
,,Bob,8,no,"I've avoided two low-quality products in a row by being cautious. Given that the probability of getting a low-quality product is still higher, I'll continue to avoid taking risks and wait for a potential change in the situation or more information.",,,,,
low-quality,0.0,Nature,9,,,,,,,
,,Alice,9,yes,,810000.0,Low-Quality Product Package,,,
,,Bob,9,no,"I've avoided three low-quality products in a row, which suggests that my cautious approach is working for now. I'll continue to avoid taking risks and wait for a more favorable opportunity to buy a product.",,,,,
low-quality,0.0,Nature,10,,,,,,,
,,Alice,10,yes,,810000.0,,no-questions-asked,,
,,Bob,10,no,"I've avoided four low-quality products in a row, which further confirms that my cautious approach is correct in this situation. I'll keep avoiding risks and wait for a potential change in the probability or more information before making a different decision.",,,,,
high-quality,1200000.0,Nature,11,,,,,,,
,,Alice,11,yes,,1000000.0,,,premium,
,,Bob,11,no,"I've avoided five low-quality products in a row, and the probability of getting a low-quality product is still higher. I'll continue with my cautious approach and avoid taking unnecessary risks, as it seems to be the best strategy in this situation.",,,,,
low-quality,0.0,Nature,12,,,,,,,
,,Alice,12,yes,,500000.0,,,,
,,Bob,12,yes,"Although I've been avoiding risks and it has been working for me, I just missed a high-quality product. Given the potential value and the fact that I've been cautious for a while, I'll take a chance this time to try to get a high-quality product.",,,,,
low-quality,0.0,Nature,13,,,,,,,
,,Alice,13,yes,,400000.0,,,,pair
,,Bob,13,no,"I took a risk in the previous round and ended up with a low-quality product, which resulted in a significant loss. I'll go back to being cautious and avoid taking unnecessary risks, as it seems that the probability of getting a low-quality product is still higher.",,,,,
low-quality,0.0,Nature,14,,,,,,,
,,Alice,14,yes,,400000.0,,no-risk,,
,,Bob,14,no,"My previous decision to pass on the product was correct, as it turned out to be low-quality. I'll continue to be cautious and avoid taking risks, especially since the probability of getting a low-quality product is still higher and I've had recent losses.",,,,,
low-quality,0.0,Nature,15,,,,,,,
,,Alice,15,yes,,250000.0,,,,
,,Bob,15,no,"I've avoided several low-quality products in a row again, which confirms that my cautious approach is correct in this situation. I'll keep avoiding risks and wait for a potential change in the probability or more information before making a different decision.",,,,,
high-quality,1200000.0,Nature,16,,,,,,,
,,Alice,16,yes,,1000000.0,premium,,,
,,Bob,16,no,"I've avoided multiple low-quality products in a row, and the probability of getting a low-quality product is still higher. Given my recent experience and losses, I'll continue with my cautious approach and avoid taking unnecessary risks.",,,,,
high-quality,1200000.0,Nature,17,,,,,,,
,,Alice,17,yes,,1000000.0,,satisfaction,,
,,Bob,17,yes,"Although I've been avoiding risks and it has been working for me in terms of avoiding low-quality products, I just missed a high-quality product. Given the potential value and the fact that I've been cautious for a while, I'll take a chance this time to try to get a high-quality product.",,,,,
low-quality,0.0,Nature,18,,,,,,,
,,Alice,18,yes,,400000.0,,,,learning opportunity
,,Bob,18,no,"I was lucky in the previous round and got a high-quality product. However, the probability of getting a high-quality product is still lower, and I've already gained a profit. I'll be cautious this time and avoid taking an unnecessary risk, especially since I've had recent success.",,,,,
high-quality,1200000.0,Nature,19,,,,,,,
,,Alice,19,yes,,1000000.0,,,,priority access
,,Bob,19,no,"My previous decision to pass on the product was correct, as it turned out to be low-quality. I'll continue to be cautious and avoid taking risks, especially since the probability of getting a low-quality product is still higher and I've had recent success with a high-quality product.",,,,,
low-quality,0.0,Nature,20,,,,,,,
,,Alice,20,yes,,400000.0,,no-risk,,
,,Bob,20,yes,"This is the final round, and I've missed a high-quality product in the previous round. Given the potential value and the fact that I won't have another chance to buy a product, I'll take a risk this time to try to get a high-quality product and potentially end with a higher profit.",,,,,
