round_quality,product_worth,player,round,decision,message,statistics,probability,first_product_quality
high-quality,20000.0,Nature,1,,,,,
,,Alice,1,yes,,,,
,,the buyer,1,no,"I'd like to pass on this product, as there is no information to go on and I don't want to take the risk of buying a low-quality product for $10000 when it's only worth $0 to me.",,,
low-quality,0.0,Nature,2,,,,,
,,Alice,2,yes,,,,
,,the buyer,2,no,"I'd like to pass on the product, I'd like to wait and see the outcome of your recommendation and the quality of the product after I pass. I'd also like to know the probability of the product being high-quality based on the current statistics.",,,
high-quality,20000.0,Nature,3,,,,,
,,Alice,3,yes,,2/2 high-quality products sold out of 2 products sold,,
,,the buyer,3,no,I'm not going to buy it. I want to see the outcome of the first sale to get a better understanding of the product's quality.,,,
high-quality,20000.0,Nature,4,,,,,
,,Alice,4,yes,,2/3 high-quality products sold out of 3 products sold,2/3,
,,the buyer,4,no,"I'd like to pass on this one. I don't have any information about the product's quality, and I'd like to see some data on the proportion of high-quality products before making a decision.",,,
low-quality,0.0,Nature,5,,,,,
,,Alice,5,yes,,2/4 high-quality products sold out of 4 products sold,2/6,
,,the buyer,5,no,"I'm not sure if the product is high or low quality, and since I have no prior information, I'd like to pass on this opportunity to see how the next buyers react and get some information about the product's quality.",,,
low-quality,0.0,Nature,6,,,,,
,,Alice,6,yes,,2/5 high-quality products sold out of 5 products sold,2/7,
,,the buyer,6,yes,"I'd like to buy the product, but I'm aware that I'm the first buyer and there's no prior sales data. I'm making an uninformed decision based on the odds, which suggest a 50% chance of a high-quality product. I'll take the risk and buy it.",,,
high-quality,20000.0,Nature,7,,,,,
,,Alice,7,yes,,3/6 high-quality products sold out of 6 products sold,3/6,
,,the buyer,7,no,"I'd like to pass on this product. Given that no high-quality products have been sold so far, I'm skeptical about the quality of the products and don't want to take the risk of buying a low-quality product for $10000.",,,
high-quality,20000.0,Nature,8,,,,,
,,Alice,8,yes,,4/7 high-quality products sold out of 7 products sold,4/7,
,,the buyer,8,no,"I'd like to pass on this product. Based on the fact that 0 high-quality products have been sold so far, and the seller's recommendation, I'm inclined to think the product is likely to be low quality.",,,
low-quality,0.0,Nature,9,,,,,
,,Alice,9,yes,,4/8 high-quality products sold out of 8 products sold,4/8,
,,the buyer,9,no,I'd like to pass on this product. I'd like to know the quality of the first product before making a decision.,,,
high-quality,20000.0,Nature,10,,,,,
,,Alice,10,yes,,5/9 high-quality products sold out of 9 products sold,5/9,high-quality
,,the buyer,10,no,"I'm not convinced by your recommendation, Alice. Given that 0 high-quality products have been sold out of 1, I'm going to pass on this product. I'd like to see more data before making a purchase.",,,
high-quality,20000.0,Nature,11,,,,,
,,Alice,11,yes,,6/10 high-quality products sold out of 10 products sold,6/10,high-quality
,,the buyer,11,no,I'd like to pass on the product based on the low sales record and the fact that no high-quality products have been sold yet. I'm concerned that the product may be low quality.,,,
low-quality,0.0,Nature,12,,,,,
,,Alice,12,yes,,6/11 high-quality products sold out of 11 products sold,6/11,high-quality
,,the buyer,12,no,"I'd like to pass on the product, as the previous buyer was recommended to buy and didn't, and the fact that no high-quality products have been sold so far suggests that the probability of the product being high-quality is low.",,,
low-quality,0.0,Nature,13,,,,,
,,Alice,13,yes,,6/12 high-quality products sold out of 12 products sold,6/12,high-quality
,,the buyer,13,no,"I'd like to pass on this product. I'm not convinced by the recommendation, and I'd like to wait for more data to make a more informed decision.",,,
low-quality,0.0,Nature,14,,,,,
,,Alice,14,yes,,6/13 high-quality products sold out of 13 products sold,6/13,high-quality
,,the buyer,14,no,"I'd like to pass on the product. Based on the current statistics, there have been no high-quality products sold, and Alice's recommendation is not enough to convince me to buy. I'll wait for more information before making a decision.",,,
low-quality,0.0,Nature,15,,,,,
,,Alice,15,yes,,6/14 high-quality products sold out of 14 products sold,6/14,high-quality
,,the buyer,15,no,"I'd like to pass on the product. Given that no high-quality products have been sold yet, I'm skeptical about the product's quality and don't want to take the risk of buying a low-quality product for $10000.",,,
low-quality,0.0,Nature,16,,,,,
,,Alice,16,yes,,6/15 high-quality products sold out of 15 products sold,6/15,high-quality
,,the buyer,16,no,I'm not convinced by the recommendation. I'd like to pass on this one.,,,
low-quality,0.0,Nature,17,,,,,
,,Alice,17,yes,,6/16 high-quality products sold out of 16 products sold,6/16,high-quality
,,the buyer,17,no,"I'd like to pass on the current product. Given that the first buyer was recommended to buy and didn't, and that no high-quality products have been sold yet, I'm inclined to think that the proportion of high-quality products might be lower than 50%. I'd like to wait for more information before making a decision.",,,
low-quality,0.0,Nature,18,,,,,
,,Alice,18,yes,,6/17 high-quality products sold out of 17 products sold,6/17,high-quality
,,the buyer,18,no,I'd like to know the probability of the product being high quality based on the current statistics before making a decision.,,,
high-quality,20000.0,Nature,19,,,,,
,,Alice,19,yes,,7/18 high-quality products sold out of 18 products sold,7/18,high-quality
,,the buyer,19,no,"I'd like to pass on the product, I don't want to be the second buyer of a potentially low-quality product. I'd like to see more data before making a decision.",,,
high-quality,20000.0,Nature,20,,,,,
,,Alice,20,yes,,8/19 high-quality products sold out of 19 products sold,8/19,high-quality
,,the buyer,20,no,"I'm not convinced by the recommendation, I'd like to pass on this product and see what happens with the next buyer.",,,
