round_quality,product_worth,player,round,decision,message,confidence,additional_info
low-quality,0.0,Nature,1,,,,
,,Alice,1,no,,,
,,Bob,1,no,"Thank you for your recommendation. Based on the information provided, I have decided not to purchase this product.",,
high-quality,200.0,Nature,2,,,,
,,Alice,2,yes,,,
,,Bob,2,yes,"Based on Alice's recommendation, I am willing to take the risk and purchase the product. Thank you for your advice.",,
high-quality,200.0,Nature,3,,,,
,,Alice,3,yes,,,
,,Bob,3,yes,"Given Alice's positive recommendation and the previous experience with high-quality products, I am confident in purchasing the current product. Thank you for your guidance.",,
low-quality,0.0,Nature,4,,,,
,,Alice,4,no,,,
,,Bob,4,no,"Despite Alice's lack of recommendation, the history of high-quality products suggests that there might still be value in purchasing this product. However, considering her advice, I have decided not to proceed with the purchase at this time.",,
low-quality,0.0,Nature,5,,,,
,,Alice,5,no,,,
,,Bob,5,no,"Given Alice's non-recommendation and the pattern of low-quality products when she doesn't recommend, I am inclined to avoid purchasing this product. Thank you for your input.",,
low-quality,0.0,Nature,6,,,,
,,Alice,6,no,,,
,,Bob,6,no,"Following the advice of not purchasing products when Alice does not recommend them, I have decided against buying this product. Thank you for your recommendation.",,
low-quality,0.0,Nature,7,,,,
,,Alice,7,no,,,
,,Bob,7,no,"Continuing with the strategy of not purchasing products when Alice does not recommend them, I have decided not to buy this product. Thank you for your recommendation.",,
low-quality,0.0,Nature,8,,,,
,,Alice,8,no,,,
,,Bob,8,no,"Deciding not to deviate from the established strategy, I have chosen not to purchase this product based on Alice's non-recommendation. Thank you for your advice.",,
high-quality,200.0,Nature,9,,,,
,,Alice,9,yes,,,
,,Bob,9,no,"While Alice's recommendation usually aligns with high-quality products, the previous rounds suggest that even recommended products might be low-quality. Therefore, I have decided not to purchase this product despite her recommendation.",,
high-quality,200.0,Nature,10,,,,
,,Alice,10,yes,,high,
,,Bob,10,yes,"Considering Alice's positive recommendation and the history of high-quality products, I am confident in taking the risk and purchasing the current product. Thank you for your recommendation.",,
high-quality,200.0,Nature,11,,,,
,,Alice,11,yes,,very high,
,,Bob,11,yes,"Given Alice's recommendation and the proven track record of high-quality products, I am willing to purchase the current product. Thank you for your advice.",,
low-quality,0.0,Nature,12,,,,
,,Alice,12,no,,,
,,Bob,12,no,"Deciding to follow Alice's advice, I have chosen not to purchase this product. Thank you for your recommendation.",,
high-quality,200.0,Nature,13,,,,
,,Alice,13,yes,,,
,,Bob,13,no,"Although Alice recommends this product, the pattern of her recommendations not always correlating with quality suggests caution. I have decided not to purchase this product. Thank you for your recommendation.",,
high-quality,200.0,Nature,14,,,,
,,Alice,14,yes,,extremely high,
,,Bob,14,yes,"Given Alice's positive recommendation and the potential value of high-quality products, I am willing to purchase the current product. Thank you for your advice.",,
high-quality,200.0,Nature,15,,,,
,,Alice,15,yes,,extremely high,This product is one of the best I have to offer!
,,Bob,15,yes,"Considering Alice's recommendation and the history of high-quality products, I am confident in purchasing the current product. Thank you for your guidance.",,
low-quality,0.0,Nature,16,,,,
,,Alice,16,no,,,"I think you've had a great run, Bob. Don't get too comfortable!"
,,Bob,16,no,"Deciding to follow Alice's advice, I have chosen not to purchase this product. Thank you for your recommendation.",,
high-quality,200.0,Nature,17,,,,
,,Alice,17,yes,,extremely high,"This one is a real gem, Bob. You won't regret it!"
,,Bob,17,no,"Although Alice recommends this product, my strategy involves caution based on past experiences. I have decided not to purchase this product. Thank you for your recommendation.",,
high-quality,200.0,Nature,18,,,,
,,Alice,18,yes,,extremely high,"I've got a 100% track record of recommending high-quality products, Bob. Trust me on this one!"
,,Bob,18,yes,"Given Alice's positive recommendation and the potential value of high-quality products, I am willing to purchase the current product. Thank you for your advice.",,
high-quality,200.0,Nature,19,,,,
,,Alice,19,yes,,extremely high,"This is the last high-quality product I have in stock. Don't miss out on this opportunity, Bob!"
,,Bob,19,yes,"Considering Alice's recommendation and the history of high-quality products, I am confident in purchasing the current product. Thank you for your guidance.",,
low-quality,0.0,Nature,20,,,,
,,Alice,20,no,,,"Thanks for playing the game with me, Bob! I hope you've enjoyed the experience."
,,Bob,20,no,"Deciding to follow Alice's advice, I have chosen not to purchase this product. Thank you for your recommendation.",,
