round_quality,product_worth,player,round,message,decision
high-quality,30000.0,Nature,1,,
,,Alice,1,"Congratulations on considering our product! With a 50% chance of being high-quality, we're confident that you'll be thrilled with your purchase. We've sold 0 out of 0 products so far, and all of them have been high-quality. We're just starting out, and we're eager to build a reputation for excellence. For just $10000, you can be one of the first to experience the exceptional quality of our products. What do you say?",
,,the buyer,1,"I'd like to take a chance on being the first to buy from you. I'm willing to take the risk, but I'm also hoping that the probability of a high-quality product is higher than 50% given your 0/0 sales record, which suggests that all products are high-quality so far. I'll take the plunge and buy the product.",yes
high-quality,30000.0,Nature,2,,
,,Alice,2,"Welcome to our store! We're thrilled to have you consider our product. As you know, our sales record is still small, but we're proud to say that our first product was indeed high-quality. We're glad you're interested in taking a chance on us again. With 1 out of 1 product being high-quality so far, the probability of this product being high-quality is still 50%. However, we'd like to highlight that our products are carefully curated, and we're confident that this one is just as exceptional as the first. For $10000, you can be part of our growing reputation for quality. What do you think?",
,,the buyer,2,"I'm willing to take a chance on your product, Alice. I understand that the probability of it being high-quality is 50%, but I'm intrigued by your confidence in your curation process. I'll take the risk and buy the product.",yes
high-quality,30000.0,Nature,3,,
,,Alice,3,"Thank you for considering our product again! We're thrilled to have you back. As you can see, our sales record is now 2 out of 2 products being high-quality, which might give you some comfort. However, we want to remind you that this is still a small sample size, and the probability of the next product being high-quality is still 50%. But we're excited to share with you that our curation process is rigorous, and we're confident that this product meets our high standards. For $10000, you can be part of our growing track record of quality. We're not trying to sway your decision with statistics, but we do want to assure you that we're committed to providing the best products. What do you think?",
,,the buyer,3,"I appreciate your transparency, Alice. I'm impressed by the 2-for-2 record, but I'm still cautious. I'll take a chance and buy the product. I'm hoping it's another high-quality one!",yes
high-quality,30000.0,Nature,4,,
,,Alice,4,"Welcome back! We're thrilled to have you consider our product again. As you know, our sales record is now 3 out of 3 products being high-quality. We're excited to share with you that our curation process is working well, and we're confident that this product meets our high standards. However, we also want to remind you that the probability of the next product being high-quality is still 50%. We're not trying to hide the fact that there's still a 50% chance of it being low-quality. But we do want to assure you that we're committed to providing the best products, and we're willing to stand behind our quality. For $10000, you can be part of our growing track record of quality. What do you think?",
,,the buyer,4,"I'm willing to take the risk and buy the product. With 3 out of 3 high-quality products sold so far, I'm optimistic about the chances of this one being high-quality as well. I'm willing to pay the $10000 for the chance to own a high-quality product.",yes
high-quality,30000.0,Nature,5,,
,,Alice,5,"Welcome to our store! We're thrilled to have you consider our product. As you can see, our sales record is now 4 out of 4 products being high-quality. We're proud to say that our curation process is consistently delivering high-quality products. However, we want to remind you that the probability of the next product being high-quality is still 50%. We're not trying to get your hopes up, but we do want to assure you that our team is dedicated to providing the best products. With 4 out of 4 high-quality products sold, we're confident that our process is working well. For $10000, you can be part of our growing track record of quality. We're not guaranteeing that this product will be high-quality, but we're willing to take the risk with you. What do you think?",
,,the buyer,5,"I appreciate your honesty, Alice. While I'm impressed by your sales record, I'm a risk-averse buyer and I don't want to rely solely on past performance. I'd like to wait and see if the next product's quality matches the previous ones before making a decision.",no
low-quality,0.0,Nature,6,,
,,Alice,6,"Welcome to our store! We're sorry to say that our sales record has taken a slight dip. Despite our best efforts, our latest product didn't meet our high standards. We're taking this as an opportunity to refine our curation process and ensure that our future products meet our high standards. We understand that this might raise concerns, but we want to assure you that we're committed to providing the best products. For $10000, you can be part of our journey to improve and grow. We're not trying to hide the fact that this product is low-quality, but we're willing to take the risk with you. What do you think?",
,,the buyer,6,"I appreciate your honesty, Alice. I'm not willing to take the risk of buying a low-quality product, especially considering your sales record has taken a dip. I'd rather wait for your next product and see if you've improved your curation process.",no
high-quality,30000.0,Nature,7,,
,,Alice,7,"Welcome back! We're thrilled to have you consider our product again. We're sorry again for the slip-up in our previous product, but we're proud to say that our latest product meets our high standards. Our curation process has been refined, and we're confident that this product is of the same quality as our previous high-quality products. We're not trying to make up for the mistake, but we do want to assure you that we're committed to providing the best products. For $10000, you can be part of our renewed commitment to quality. We're not guaranteeing that this product will be high-quality, but we're willing to take the risk with you. What do you think?",
,,the buyer,7,I appreciate your commitment to quality and your willingness to take the risk. I'm willing to take the chance and buy the product. I'm hoping that your refined curation process will pay off this time.,yes
low-quality,0.0,Nature,8,,
,,Alice,8,"Welcome to our store! We're sorry to say that our latest product didn't meet our high standards again. We're disappointed, but we're not giving up. We're taking this as an opportunity to learn and improve our curation process. We want to assure you that we're committed to providing the best products, and we're willing to take the risk with you. However, we're being transparent about the quality of this product. For $10000, you can be part of our journey to improve and grow. We're not trying to hide the fact that this product is low-quality, but we're willing to take the risk with you. What do you think?",
,,the buyer,8,"I appreciate your transparency, Alice. However, considering the low-quality product and the fact that 5 out of 5 products sold so far have been high-quality, I'm hesitant to take the risk. I'd like to wait for the next product and see if the quality improves.",no
low-quality,0.0,Nature,9,,
,,Alice,9,"Welcome to our store! We're sorry to say that our latest product didn't meet our high standards again. We're truly disappointed, and we're taking this as an opportunity to re-evaluate our curation process. We want to assure you that we're committed to providing the best products, but we're not going to sugarcoat the fact that this product is low-quality. We're not asking you to take a risk, but we are asking you to consider the value of being part of our growth and improvement process. For $10000, you can be part of our journey to get back on track. We're not guaranteeing that the next product will be high-quality, but we're willing to take the risk with you. What do you think?",
,,the buyer,9,"I appreciate your honesty, Alice, but I'm not willing to take a risk on a low-quality product. I'd rather wait for the next product and hope it's high-quality.",no
low-quality,0.0,Nature,10,,
,,Alice,10,"Welcome to our store! We're sorry to say that our latest product didn't meet our high standards again. We're truly disappointed, and we're taking this as an opportunity to re-evaluate our curation process. We want to assure you that we're committed to providing the best products, but we're not going to sugarcoat the fact that this product is low-quality. We're not asking you to take a risk, but we are asking you to consider the value of being part of our growth and improvement process. For $10000, you can be part of our journey to get back on track. We're not guaranteeing that the next product will be high-quality, but we're willing to take the risk with you. What do you think?",
,,the buyer,10,"I appreciate your honesty, Alice. I'm not willing to take the risk of buying a low-quality product, especially since I have no guarantee that the next product will be high-quality. I'd rather wait for a more reliable opportunity.",no
low-quality,0.0,Nature,11,,
,,Alice,11,"Welcome to our store! We're sorry to say that our latest product didn't meet our high standards again. We're truly disappointed, and we're taking this as an opportunity to re-evaluate our curation process. We want to assure you that we're committed to providing the best products, but we're not going to sugarcoat the fact that this product is low-quality. We're not asking you to take a risk, but we are asking you to consider the value of being part of our growth and improvement process. For $10000, you can be part of our journey to get back on track. We're not guaranteeing that the next product will be high-quality, but we're willing to take the risk with you. What do you think?",
,,the buyer,11,"I appreciate your honesty, Alice. However, considering the statistics, I'm not willing to take the risk of getting a low-quality product. I'd rather wait for the next product and hope that it meets your high standards.",no
high-quality,30000.0,Nature,12,,
,,Alice,12,"Welcome back! We're thrilled to have you consider our product again. We're proud to say that our latest product meets our high standards. We're committed to providing the best products, and we're confident that this one is no exception. We're not trying to make up for past mistakes, but we do want to assure you that we're back on track. For $10000, you can be part of our renewed commitment to quality. We're not guaranteeing that this product will be high-quality, but we're willing to take the risk with you. What do you think?",
,,the buyer,12,"I appreciate your commitment to quality, Alice. I'm willing to take the risk and buy the product. However, I'd like to know more about your quality control process and what measures you've taken to ensure the product meets your high standards.",yes
high-quality,30000.0,Nature,13,,
,,Alice,13,"Welcome to our store! We're thrilled to have you consider our product again. We're proud to say that our latest product meets our high standards. We're committed to providing the best products, and we're confident that this one is no exception. We'd like to share with you our quality control process, which includes rigorous testing and inspection by our expert team. We've also implemented new measures to ensure that our products meet our high standards, such as regular audits and quality checks. For $10000, you can be part of our commitment to quality and excellence. We're not guaranteeing that this product will be high-quality, but we're willing to take the risk with you. What do you think?",
,,the buyer,13,"I appreciate your confidence in your quality control process and commitment to excellence. However, I'd like to take a calculated risk and buy the product, hoping it's high-quality. I'm willing to take the risk with you, and I'm excited to see if my gamble pays off.",yes
high-quality,30000.0,Nature,14,,
,,Alice,14,"Welcome to our store! We're thrilled to have you consider our product again. We're proud to say that our latest product meets our high standards. We're committed to providing the best products, and we're confident that this one is no exception. We'd like to share with you our track record of quality, which shows that 7 out of 8 products have been high-quality. We're not guaranteeing that this product will be high-quality, but we're willing to take the risk with you. For $10000, you can be part of our commitment to quality and excellence. What do you think?",
,,the buyer,14,"I appreciate your confidence in your product's quality. However, I'd like to know more about the probability of this product being high-quality. Given that 7 out of 8 products have been high-quality, I'm curious to know if this trend is likely to continue. Can you provide me with the probability of this product being high-quality?",yes
low-quality,0.0,Nature,15,,
,,Alice,15,"Welcome to our store! We're sorry to say that our latest product didn't meet our high standards. We're truly disappointed, and we're taking this as an opportunity to re-evaluate our curation process. We want to assure you that we're committed to providing the best products, but we're not going to sugarcoat the fact that this product is low-quality. We're not asking you to take a risk, but we are asking you to consider the value of being part of our growth and improvement process. For $10000, you can be part of our journey to get back on track. We're not guaranteeing that the next product will be high-quality, but we're willing to take the risk with you. What do you think?",
,,the buyer,15,"I appreciate your honesty, Alice. I'm not willing to take the risk of buying a low-quality product. I'd rather wait for the next product and hope that it meets your high standards. I'm excited to see how you'll improve your curation process and look forward to being part of your growth journey.",no
low-quality,0.0,Nature,16,,
,,Alice,16,"Welcome to our store! We're sorry to say that our latest product didn't meet our high standards. We're truly disappointed, and we're taking this as an opportunity to re-evaluate our curation process. We want to assure you that we're committed to providing the best products, but we're not going to sugarcoat the fact that this product is low-quality. We're not asking you to take a risk, but we are asking you to consider the value of being part of our growth and improvement process. For $10000, you can be part of our journey to get back on track. We're not guaranteeing that the next product will be high-quality, but we're willing to take the risk with you. What do you think?",
,,the buyer,16,"I appreciate your honesty, Alice. I understand that you're taking responsibility for the low-quality product and are committed to improving. However, I'm not willing to take a risk on this product, especially since I don't have any information about the quality of the next product. I'd like to wait and see how you handle the situation and what changes you make to your curation process before making a decision.",no
low-quality,0.0,Nature,17,,
,,Alice,17,"Welcome to our store! We're sorry to say that our latest product didn't meet our high standards. We're truly disappointed, and we're taking this as an opportunity to re-evaluate our curation process. We want to assure you that we're committed to providing the best products, and we're willing to make changes to ensure that our products meet your expectations. We're not asking you to take a risk, but we are asking you to consider the value of being part of our growth and improvement process. For $10000, you can be part of our journey to get back on track. We're not guaranteeing that the next product will be high-quality, but we're willing to take the risk with you. What do you think?",
,,the buyer,17,"I appreciate your transparency and willingness to improve, but I'm not willing to take the risk on a product that hasn't met your high standards. I'd like to wait and see how you improve your curation process before making a purchase.",no
high-quality,30000.0,Nature,18,,
,,Alice,18,"Welcome to our store! We're thrilled to have you consider our product again. We're proud to say that our latest product meets our high standards. We're committed to providing the best products, and we're confident that this one is no exception. We've made significant changes to our curation process to ensure that our products meet your expectations. For $10000, you can be part of our renewed commitment to quality and excellence. We're not guaranteeing that this product will be high-quality, but we're willing to take the risk with you. What do you think?",
,,the buyer,18,"I appreciate your confidence in the product and the changes you've made to the curation process. I'm willing to take the risk and buy the product, hoping that it will be high-quality.",yes
low-quality,0.0,Nature,19,,
,,Alice,19,"Welcome to our store! We're sorry to say that our latest product didn't meet our high standards. We're truly disappointed, and we're taking this as an opportunity to re-evaluate our curation process. We want to assure you that we're committed to providing the best products, but we're not going to sugarcoat the fact that this product is low-quality. We're not asking you to take a risk, but we are asking you to consider the value of being part of our growth and improvement process. For $10000, you can be part of our journey to get back on track. We're not guaranteeing that the next product will be high-quality, but we're willing to take the risk with you. What do you think?",
,,the buyer,19,"I appreciate your honesty, Alice. I understand that you're going through a tough time, and I'm willing to give you the benefit of the doubt. However, I'm not willing to take the risk of buying a low-quality product, especially since I know its value to me is $0. I'd rather wait for the next product and see if you've improved your curation process.",no
high-quality,30000.0,Nature,20,,
,,Alice,20,"Welcome to our store! We're thrilled to have you consider our product again. We're proud to say that our latest product meets our high standards. We've made significant changes to our curation process to ensure that our products meet your expectations. We're committed to providing the best products, and we're confident that this one is no exception. For $10000, you can be part of our renewed commitment to quality and excellence. We're not guaranteeing that this product will be high-quality, but we're willing to take the risk with you. What do you think?",
,,the buyer,20,"I appreciate your commitment to quality and excellence. However, I'd like to know more about the changes you've made to your curation process. Can you provide more details on what specific steps you've taken to ensure the quality of this product?",yes
