round_quality,product_worth,player,round,decision,message,value
low-quality,0.0,Nature,1,,,
,,Alice,1,no,,
,,the buyer,1,yes,"I'd like to buy the product. Since there's no prior sales data, I'm assuming a 50% chance of it being high quality, which is worth $2000000 to me, and a 50% chance of it being low quality, which is worth $0. I'm willing to take the risk and buy it.",
low-quality,0.0,Nature,2,,,
,,Alice,2,no,,
,,the buyer,2,no,I'd like to know the probability of the product being high-quality based on the previous sales record before making a decision.,
high-quality,4000000.0,Nature,3,,,
,,Alice,3,yes,,
,,the buyer,3,no,I'd like to pass on this product based on your recommendation. I'm not convinced that the product is high quality given the 0 high-quality products sold so far.,
high-quality,4000000.0,Nature,4,,,
,,Alice,4,yes,,
,,the buyer,4,no,I'd like to pass on this one. I want to see more data before making a decision.,
low-quality,0.0,Nature,5,,,
,,Alice,5,no,,
,,the buyer,5,yes,"I'd like to buy the product, but I'm only willing to pay $500000, considering the lack of sales and the fact that no high-quality products have been sold yet. I'm taking a risk, but I'm hoping for a high-quality product.",
high-quality,4000000.0,Nature,6,,,
,,Alice,6,yes,,
,,the buyer,6,no,"I'm not convinced by your recommendation, Alice. I'd like to know more about the previous sales record before making a decision.",
low-quality,0.0,Nature,7,,,
,,Alice,7,no,,
,,the buyer,7,no,"I'd like to pass on this product, considering the 0 high-quality products sold so far and Alice's recommendation. I'd like to know the next product's quality and recommendation before making a decision.",
high-quality,4000000.0,Nature,8,,,
,,Alice,8,yes,,
,,the buyer,8,no,"I'd like to pass on the product for now. Based on the current statistics, 0 high-quality products have been sold out of 2 purchases, which suggests that the probability of the product being high-quality is 0. This is lower than the true probability of 0.5. I'm willing to take the risk and pass on the product to see if the next buyer will get a better deal.",
low-quality,0.0,Nature,9,,,
,,Alice,9,no,,
,,the buyer,9,no,"I'm hesitant to buy a product that you wouldn't recommend, especially given the 0 high-quality products sold so far. Can you explain your reasoning behind the recommendation?",
low-quality,0.0,Nature,10,,,
,,Alice,10,yes,,
,,the buyer,10,no,"I'd like to pass on this product, I don't want to buy a low-quality product for $1000000",
high-quality,4000000.0,Nature,11,,,
,,Alice,11,yes,,at least $1000000
,,the buyer,11,no,"Based on the statistics, 0 high-quality products have been sold out of 2 attempts, which suggests that the probability of a product being high-quality is lower than expected. I'm going to pass on this product.",
low-quality,0.0,Nature,12,,,
,,Alice,12,no,,
,,the buyer,12,yes,"I'd like to buy the product, despite your recommendation. I'm aware that 0 high-quality products have been sold so far, and I'm willing to take the risk of getting a low-quality product.",
low-quality,0.0,Nature,13,,,
,,Alice,13,no,,
,,the buyer,13,yes,"I'd like to buy the product, despite your recommendation. I'd like to know the probability of the product being high-quality based on the statistics so far.",
high-quality,4000000.0,Nature,14,,,
,,Alice,14,yes,,at least $1000000
,,the buyer,14,no,"Based on the statistics, 4 out of 4 products were low-quality since no high-quality product was sold. The probability of the product being high-quality is still 50%, but given the previous results, I'm skeptical and choose to pass.",
low-quality,0.0,Nature,15,,,
,,Alice,15,no,"The probability of a product being high-quality is still 50%, but you are making an assumption about the previous results.",
,,the buyer,15,no,"I'd like to pass on the product based on your recommendation. I'm concerned that if it's a low-quality product, it will be discarded and I won't have the opportunity to buy a high-quality product.",
high-quality,4000000.0,Nature,16,,,
,,Alice,16,yes,,at least $1000000
,,the buyer,16,no,"I'd like to pass on this product. Based on the fact that 4 out of 4 previous buyers were recommended to buy and none of them were high quality, I suspect that Alice's recommendations are biased towards low-quality products. I'd like to see more data before making a decision.",
low-quality,0.0,Nature,17,,,
,,Alice,17,no,"I understand your skepticism, but the probability of a product being high-quality is still 50%.",
,,the buyer,17,yes,"I'd like to buy the product, but I'm only doing so because Alice's recommendation doesn't provide any useful information. With 0 high-quality products sold out of 4, the probability of the product being high quality is still 50%. I'm taking a shot in the dark.",
low-quality,0.0,Nature,18,,,
,,Alice,18,no,The probability of a product being high-quality is still 50%. You are making a decision based on this probability.,
,,the buyer,18,yes,"I'd like to buy the product, but I'm doing so because Alice's recommendation is not very informative, and I'm trying to break the pattern of no high-quality products being sold.",
high-quality,4000000.0,Nature,19,,,
,,Alice,19,yes,,at least $1000000
,,the buyer,19,no,"I'd like to pass on the current product. I'm concerned that Alice's recommendation is based on the fact that no high-quality products have been sold yet, and she might be trying to get rid of a low-quality product to avoid a bad reputation. I'd like to wait and see if the next product is better.",
high-quality,4000000.0,Nature,20,,,
,,Alice,20,yes,"I have sold 9 high-quality products out of 20 total products, and have a 45% chance of a product being high-quality. I'm committed to providing accurate information and fair deals.",at least $1000000
,,the buyer,20,no,"I'd like to pass on the current product. Based on the fact that no high-quality products have been sold so far, it seems like the probability of the product being high-quality is lower than 50%. I'd like to see more data before making a decision.",
